Title,Celebrities,Movie Reference,Release Date,Imdb Rating
The Shawshank Redemption,"Frank Darabont (dir.), Tim Robbins, Morgan Freeman",https://www.imdb.com/title/tt0111161/,1994,9.2
The Godfather,"Francis Ford Coppola (dir.), Marlon Brando, Al Pacino",https://www.imdb.com/title/tt0068646/,1972,9.1
The Godfather: Part II,"Francis Ford Coppola (dir.), Al Pacino, Robert De Niro",https://www.imdb.com/title/tt0071562/,1974,9.0
The Dark Knight,"Christopher Nolan (dir.), Christian Bale, Heath Ledger",https://www.imdb.com/title/tt0468569/,2008,9.0
12 Angry Men,"Sidney Lumet (dir.), Henry Fonda, Lee J. Cobb",https://www.imdb.com/title/tt0050083/,1957,8.9
Schindler's List,"Steven Spielberg (dir.), Liam Neeson, Ralph Fiennes",https://www.imdb.com/title/tt0108052/,1993,8.9
The Lord of the Rings: The Return of the King,"Peter Jackson (dir.), Elijah Wood, Viggo Mortensen",https://www.imdb.com/title/tt0167260/,2003,8.9
Pulp Fiction,"Quentin Tarantino (dir.), John Travolta, Uma Thurman",https://www.imdb.com/title/tt0110912/,1994,8.8
"Il buono, il brutto, il cattivo","Sergio Leone (dir.), Clint Eastwood, Eli Wallach",https://www.imdb.com/title/tt0060196/,1966,8.8
The Lord of the Rings: The Fellowship of the Ring,"Peter Jackson (dir.), Elijah Wood, Ian McKellen",https://www.imdb.com/title/tt0120737/,2001,8.8
Fight Club,"David Fincher (dir.), Brad Pitt, Edward Norton",https://www.imdb.com/title/tt0137523/,1999,8.8
Forrest Gump,"Robert Zemeckis (dir.), Tom Hanks, Robin Wright",https://www.imdb.com/title/tt0109830/,1994,8.8
Inception,"Christopher Nolan (dir.), Leonardo DiCaprio, Joseph Gordon-Levitt",https://www.imdb.com/title/tt1375666/,2010,8.7
The Lord of the Rings: The Two Towers,"Peter Jackson (dir.), Elijah Wood, Ian McKellen",https://www.imdb.com/title/tt0167261/,2002,8.7
Star Wars: Episode V - The Empire Strikes Back,"Irvin Kershner (dir.), Mark Hamill, Harrison Ford",https://www.imdb.com/title/tt0080684/,1980,8.7
The Matrix,"Lana Wachowski (dir.), Keanu Reeves, Laurence Fishburne",https://www.imdb.com/title/tt0133093/,1999,8.6
Goodfellas,"Martin Scorsese (dir.), Robert De Niro, Ray Liotta",https://www.imdb.com/title/tt0099685/,1990,8.6
One Flew Over the Cuckoo's Nest,"Milos Forman (dir.), Jack Nicholson, Louise Fletcher",https://www.imdb.com/title/tt0073486/,1975,8.6
Shichinin no samurai,"Akira Kurosawa (dir.), Toshirô Mifune, Takashi Shimura",https://www.imdb.com/title/tt0047478/,1954,8.6
Se7en,"David Fincher (dir.), Morgan Freeman, Brad Pitt",https://www.imdb.com/title/tt0114369/,1995,8.6
La vita è bella,"Roberto Benigni (dir.), Roberto Benigni, Nicoletta Braschi",https://www.imdb.com/title/tt0118799/,1997,8.6
Cidade de Deus,"Fernando Meirelles (dir.), Alexandre Rodrigues, Leandro Firmino",https://www.imdb.com/title/tt0317248/,2002,8.6
The Silence of the Lambs,"Jonathan Demme (dir.), Jodie Foster, Anthony Hopkins",https://www.imdb.com/title/tt0102926/,1991,8.6
It's a Wonderful Life,"Frank Capra (dir.), James Stewart, Donna Reed",https://www.imdb.com/title/tt0038650/,1946,8.6
Star Wars,"George Lucas (dir.), Mark Hamill, Harrison Ford",https://www.imdb.com/title/tt0076759/,1977,8.6
Saving Private Ryan,"Steven Spielberg (dir.), Tom Hanks, Matt Damon",https://www.imdb.com/title/tt0120815/,1998,8.5
Sen to Chihiro no kamikakushi,"Hayao Miyazaki (dir.), Daveigh Chase, Suzanne Pleshette",https://www.imdb.com/title/tt0245429/,2001,8.5
The Green Mile,"Frank Darabont (dir.), Tom Hanks, Michael Clarke Duncan",https://www.imdb.com/title/tt0120689/,1999,8.5
Interstellar,"Christopher Nolan (dir.), Matthew McConaughey, Anne Hathaway",https://www.imdb.com/title/tt0816692/,2014,8.5
Gisaengchung,"Bong Joon Ho (dir.), Kang-ho Song, Sun-kyun Lee",https://www.imdb.com/title/tt6751668/,2019,8.5
Léon,"Luc Besson (dir.), Jean Reno, Gary Oldman",https://www.imdb.com/title/tt0110413/,1994,8.5
The Usual Suspects,"Bryan Singer (dir.), Kevin Spacey, Gabriel Byrne",https://www.imdb.com/title/tt0114814/,1995,8.5
Seppuku,"Masaki Kobayashi (dir.), Tatsuya Nakadai, Akira Ishihama",https://www.imdb.com/title/tt0056058/,1962,8.5
The Lion King,"Roger Allers (dir.), Matthew Broderick, Jeremy Irons",https://www.imdb.com/title/tt0110357/,1994,8.5
Back to the Future,"Robert Zemeckis (dir.), Michael J. Fox, Christopher Lloyd",https://www.imdb.com/title/tt0088763/,1985,8.5
The Pianist,"Roman Polanski (dir.), Adrien Brody, Thomas Kretschmann",https://www.imdb.com/title/tt0253474/,2002,8.5
Terminator 2: Judgment Day,"James Cameron (dir.), Arnold Schwarzenegger, Linda Hamilton",https://www.imdb.com/title/tt0103064/,1991,8.5
American History X,"Tony Kaye (dir.), Edward Norton, Edward Furlong",https://www.imdb.com/title/tt0120586/,1998,8.5
Modern Times,"Charles Chaplin (dir.), Charles Chaplin, Paulette Goddard",https://www.imdb.com/title/tt0027977/,1936,8.5
Psycho,"Alfred Hitchcock (dir.), Anthony Perkins, Janet Leigh",https://www.imdb.com/title/tt0054215/,1960,8.5
Gladiator,"Ridley Scott (dir.), Russell Crowe, Joaquin Phoenix",https://www.imdb.com/title/tt0172495/,2000,8.5
City Lights,"Charles Chaplin (dir.), Charles Chaplin, Virginia Cherrill",https://www.imdb.com/title/tt0021749/,1931,8.5
The Departed,"Martin Scorsese (dir.), Leonardo DiCaprio, Matt Damon",https://www.imdb.com/title/tt0407887/,2006,8.5
The Intouchables,"Olivier Nakache (dir.), François Cluzet, Omar Sy",https://www.imdb.com/title/tt1675434/,2011,8.5
Whiplash,"Damien Chazelle (dir.), Miles Teller, J.K. Simmons",https://www.imdb.com/title/tt2582802/,2014,8.5
Hamilton,"Thomas Kail (dir.), Lin-Manuel Miranda, Phillipa Soo",https://www.imdb.com/title/tt8503618/,2020,8.5
The Prestige,"Christopher Nolan (dir.), Christian Bale, Hugh Jackman",https://www.imdb.com/title/tt0482571/,2006,8.5
Hotaru no haka,"Isao Takahata (dir.), Tsutomu Tatsumi, Ayano Shiraishi",https://www.imdb.com/title/tt0095327/,1988,8.5
Once Upon a Time in the West,"Sergio Leone (dir.), Henry Fonda, Charles Bronson",https://www.imdb.com/title/tt0064116/,1968,8.4
Casablanca,"Michael Curtiz (dir.), Humphrey Bogart, Ingrid Bergman",https://www.imdb.com/title/tt0034583/,1942,8.4
Nuovo Cinema Paradiso,"Giuseppe Tornatore (dir.), Philippe Noiret, Enzo Cannavale",https://www.imdb.com/title/tt0095765/,1988,8.4
Rear Window,"Alfred Hitchcock (dir.), James Stewart, Grace Kelly",https://www.imdb.com/title/tt0047396/,1954,8.4
Alien,"Ridley Scott (dir.), Sigourney Weaver, Tom Skerritt",https://www.imdb.com/title/tt0078748/,1979,8.4
Apocalypse Now,"Francis Ford Coppola (dir.), Martin Sheen, Marlon Brando",https://www.imdb.com/title/tt0078788/,1979,8.4
Memento,"Christopher Nolan (dir.), Guy Pearce, Carrie-Anne Moss",https://www.imdb.com/title/tt0209144/,2000,8.4
The Great Dictator,"Charles Chaplin (dir.), Charles Chaplin, Paulette Goddard",https://www.imdb.com/title/tt0032553/,1940,8.4
Raiders of the Lost Ark,"Steven Spielberg (dir.), Harrison Ford, Karen Allen",https://www.imdb.com/title/tt0082971/,1981,8.4
Django Unchained,"Quentin Tarantino (dir.), Jamie Foxx, Christoph Waltz",https://www.imdb.com/title/tt1853728/,2012,8.4
The Lives of Others,"Florian Henckel von Donnersmarck (dir.), Ulrich Mühe, Martina Gedeck",https://www.imdb.com/title/tt0405094/,2006,8.4
Joker,"Todd Phillips (dir.), Joaquin Phoenix, Robert De Niro",https://www.imdb.com/title/tt7286456/,2019,8.4
Paths of Glory,"Stanley Kubrick (dir.), Kirk Douglas, Ralph Meeker",https://www.imdb.com/title/tt0050825/,1957,8.4
WALL·E,"Andrew Stanton (dir.), Ben Burtt, Elissa Knight",https://www.imdb.com/title/tt0910970/,2008,8.4
The Shining,"Stanley Kubrick (dir.), Jack Nicholson, Shelley Duvall",https://www.imdb.com/title/tt0081505/,1980,8.4
Avengers: Infinity War,"Anthony Russo (dir.), Robert Downey Jr., Chris Hemsworth",https://www.imdb.com/title/tt4154756/,2018,8.4
Sunset Blvd.,"Billy Wilder (dir.), William Holden, Gloria Swanson",https://www.imdb.com/title/tt0043014/,1950,8.4
Witness for the Prosecution,"Billy Wilder (dir.), Tyrone Power, Marlene Dietrich",https://www.imdb.com/title/tt0051201/,1957,8.4
Spider-Man: Into the Spider-Verse,"Bob Persichetti (dir.), Shameik Moore, Jake Johnson",https://www.imdb.com/title/tt4633694/,2018,8.4
Mononoke-hime,"Hayao Miyazaki (dir.), Yôji Matsuda, Yuriko Ishida",https://www.imdb.com/title/tt0119698/,1997,8.4
Oldeuboi,"Chan-wook Park (dir.), Min-sik Choi, Ji-Tae Yoo",https://www.imdb.com/title/tt0364569/,2003,8.4
Dr. Strangelove or: How I Learned to Stop Worrying and Love the Bomb,"Stanley Kubrick (dir.), Peter Sellers, George C. Scott",https://www.imdb.com/title/tt0057012/,1964,8.3
The Dark Knight Rises,"Christopher Nolan (dir.), Christian Bale, Tom Hardy",https://www.imdb.com/title/tt1345836/,2012,8.3
Once Upon a Time in America,"Sergio Leone (dir.), Robert De Niro, James Woods",https://www.imdb.com/title/tt0087843/,1984,8.3
Aliens,"James Cameron (dir.), Sigourney Weaver, Michael Biehn",https://www.imdb.com/title/tt0090605/,1986,8.3
Kimi no na wa.,"Makoto Shinkai (dir.), Ryûnosuke Kamiki, Mone Kamishiraishi",https://www.imdb.com/title/tt5311514/,2016,8.3
Avengers: Endgame,"Anthony Russo (dir.), Robert Downey Jr., Chris Evans",https://www.imdb.com/title/tt4154796/,2019,8.3
Coco,"Lee Unkrich (dir.), Anthony Gonzalez, Gael García Bernal",https://www.imdb.com/title/tt2380307/,2017,8.3
American Beauty,"Sam Mendes (dir.), Kevin Spacey, Annette Bening",https://www.imdb.com/title/tt0169547/,1999,8.3
Braveheart,"Mel Gibson (dir.), Mel Gibson, Sophie Marceau",https://www.imdb.com/title/tt0112573/,1995,8.3
3 Idiots,"Rajkumar Hirani (dir.), Aamir Khan, Madhavan",https://www.imdb.com/title/tt1187043/,2009,8.3
Das Boot,"Wolfgang Petersen (dir.), Jürgen Prochnow, Herbert Grönemeyer",https://www.imdb.com/title/tt0082096/,1981,8.3
Toy Story,"John Lasseter (dir.), Tom Hanks, Tim Allen",https://www.imdb.com/title/tt0114709/,1995,8.3
Tengoku to jigoku,"Akira Kurosawa (dir.), Toshirô Mifune, Yutaka Sada",https://www.imdb.com/title/tt0057565/,1963,8.3
Amadeus,"Milos Forman (dir.), F. Murray Abraham, Tom Hulce",https://www.imdb.com/title/tt0086879/,1984,8.3
Capharnaüm,"Nadine Labaki (dir.), Zain Al Rafeea, Yordanos Shiferaw",https://www.imdb.com/title/tt8267604/,2018,8.3
Inglourious Basterds,"Quentin Tarantino (dir.), Brad Pitt, Diane Kruger",https://www.imdb.com/title/tt0361748/,2009,8.3
Star Wars: Episode VI - Return of the Jedi,"Richard Marquand (dir.), Mark Hamill, Harrison Ford",https://www.imdb.com/title/tt0086190/,1983,8.3
Taare Zameen Par,"Aamir Khan (dir.), Darsheel Safary, Aamir Khan",https://www.imdb.com/title/tt0986264/,2007,8.3
Good Will Hunting,"Gus Van Sant (dir.), Robin Williams, Matt Damon",https://www.imdb.com/title/tt0119217/,1997,8.3
Reservoir Dogs,"Quentin Tarantino (dir.), Harvey Keitel, Tim Roth",https://www.imdb.com/title/tt0105236/,1992,8.3
2001: A Space Odyssey,"Stanley Kubrick (dir.), Keir Dullea, Gary Lockwood",https://www.imdb.com/title/tt0062622/,1968,8.3
Requiem for a Dream,"Darren Aronofsky (dir.), Ellen Burstyn, Jared Leto",https://www.imdb.com/title/tt0180093/,2000,8.3
Vertigo,"Alfred Hitchcock (dir.), James Stewart, Kim Novak",https://www.imdb.com/title/tt0052357/,1958,8.3
M - Eine Stadt sucht einen Mörder,"Fritz Lang (dir.), Peter Lorre, Ellen Widmann",https://www.imdb.com/title/tt0022100/,1931,8.3
Eternal Sunshine of the Spotless Mind,"Michel Gondry (dir.), Jim Carrey, Kate Winslet",https://www.imdb.com/title/tt0338013/,2004,8.3
Dangal,"Nitesh Tiwari (dir.), Aamir Khan, Sakshi Tanwar",https://www.imdb.com/title/tt5074352/,2016,8.3
Jagten,"Thomas Vinterberg (dir.), Mads Mikkelsen, Thomas Bo Larsen",https://www.imdb.com/title/tt2106476/,2012,8.3
Citizen Kane,"Orson Welles (dir.), Orson Welles, Joseph Cotten",https://www.imdb.com/title/tt0033467/,1941,8.3
1917,"Sam Mendes (dir.), Dean-Charles Chapman, George MacKay",https://www.imdb.com/title/tt8579674/,2019,8.3
Full Metal Jacket,"Stanley Kubrick (dir.), Matthew Modine, R. Lee Ermey",https://www.imdb.com/title/tt0093058/,1987,8.2
Ladri di biciclette,"Vittorio De Sica (dir.), Lamberto Maggiorani, Enzo Staiola",https://www.imdb.com/title/tt0040522/,1948,8.2
The Kid,"Charles Chaplin (dir.), Charles Chaplin, Edna Purviance",https://www.imdb.com/title/tt0012349/,1921,8.2
Singin' in the Rain,"Stanley Donen (dir.), Gene Kelly, Donald O'Connor",https://www.imdb.com/title/tt0045152/,1952,8.2
A Clockwork Orange,"Stanley Kubrick (dir.), Malcolm McDowell, Patrick Magee",https://www.imdb.com/title/tt0066921/,1971,8.2
North by Northwest,"Alfred Hitchcock (dir.), Cary Grant, Eva Marie Saint",https://www.imdb.com/title/tt0053125/,1959,8.2
Snatch,"Guy Ritchie (dir.), Jason Statham, Brad Pitt",https://www.imdb.com/title/tt0208092/,2000,8.2
Scarface,"Brian De Palma (dir.), Al Pacino, Michelle Pfeiffer",https://www.imdb.com/title/tt0086250/,1983,8.2
Taxi Driver,"Martin Scorsese (dir.), Robert De Niro, Jodie Foster",https://www.imdb.com/title/tt0075314/,1976,8.2
Ikiru,"Akira Kurosawa (dir.), Takashi Shimura, Nobuo Kaneko",https://www.imdb.com/title/tt0044741/,1952,8.2
Lawrence of Arabia,"David Lean (dir.), Peter O'Toole, Alec Guinness",https://www.imdb.com/title/tt0056172/,1962,8.2
Amélie,"Jean-Pierre Jeunet (dir.), Audrey Tautou, Mathieu Kassovitz",https://www.imdb.com/title/tt0211915/,2001,8.2
Toy Story 3,"Lee Unkrich (dir.), Tom Hanks, Tim Allen",https://www.imdb.com/title/tt0435761/,2010,8.2
The Sting,"George Roy Hill (dir.), Paul Newman, Robert Redford",https://www.imdb.com/title/tt0070735/,1973,8.2
Metropolis,"Fritz Lang (dir.), Brigitte Helm, Alfred Abel",https://www.imdb.com/title/tt0017136/,1927,8.2
Jodaeiye Nader az Simin,"Asghar Farhadi (dir.), Payman Maadi, Leila Hatami",https://www.imdb.com/title/tt1832382/,2011,8.2
Incendies,"Denis Villeneuve (dir.), Lubna Azabal, Mélissa Désormeaux-Poulin",https://www.imdb.com/title/tt1255953/,2010,8.2
Per qualche dollaro in più,"Sergio Leone (dir.), Clint Eastwood, Lee Van Cleef",https://www.imdb.com/title/tt0059578/,1965,8.2
Idi i smotri,"Elem Klimov (dir.), Aleksey Kravchenko, Olga Mironova",https://www.imdb.com/title/tt0091251/,1985,8.2
The Apartment,"Billy Wilder (dir.), Jack Lemmon, Shirley MacLaine",https://www.imdb.com/title/tt0053604/,1960,8.2
Double Indemnity,"Billy Wilder (dir.), Fred MacMurray, Barbara Stanwyck",https://www.imdb.com/title/tt0036775/,1944,8.2
To Kill a Mockingbird,"Robert Mulligan (dir.), Gregory Peck, John Megna",https://www.imdb.com/title/tt0056592/,1962,8.2
Up,"Pete Docter (dir.), Edward Asner, Jordan Nagai",https://www.imdb.com/title/tt1049413/,2009,8.2
Indiana Jones and the Last Crusade,"Steven Spielberg (dir.), Harrison Ford, Sean Connery",https://www.imdb.com/title/tt0097576/,1989,8.2
Heat,"Michael Mann (dir.), Al Pacino, Robert De Niro",https://www.imdb.com/title/tt0113277/,1995,8.2
L.A. Confidential,"Curtis Hanson (dir.), Kevin Spacey, Russell Crowe",https://www.imdb.com/title/tt0119488/,1997,8.2
Die Hard,"John McTiernan (dir.), Bruce Willis, Alan Rickman",https://www.imdb.com/title/tt0095016/,1988,8.2
Monty Python and the Holy Grail,"Terry Gilliam (dir.), Graham Chapman, John Cleese",https://www.imdb.com/title/tt0071853/,1975,8.2
Rashômon,"Akira Kurosawa (dir.), Toshirô Mifune, Machiko Kyô",https://www.imdb.com/title/tt0042876/,1950,8.2
Yôjinbô,"Akira Kurosawa (dir.), Toshirô Mifune, Eijirô Tôno",https://www.imdb.com/title/tt0055630/,1961,8.2
Batman Begins,"Christopher Nolan (dir.), Christian Bale, Michael Caine",https://www.imdb.com/title/tt0372784/,2005,8.2
Green Book,"Peter Farrelly (dir.), Viggo Mortensen, Mahershala Ali",https://www.imdb.com/title/tt6966692/,2018,8.2
Der Untergang,"Oliver Hirschbiegel (dir.), Bruno Ganz, Alexandra Maria Lara",https://www.imdb.com/title/tt0363163/,2004,8.2
Bacheha-Ye aseman,"Majid Majidi (dir.), Mohammad Amir Naji, Amir Farrokh Hashemian",https://www.imdb.com/title/tt0118849/,1997,8.2
Unforgiven,"Clint Eastwood (dir.), Clint Eastwood, Gene Hackman",https://www.imdb.com/title/tt0105695/,1992,8.2
Ran,"Akira Kurosawa (dir.), Tatsuya Nakadai, Akira Terao",https://www.imdb.com/title/tt0089881/,1985,8.2
Some Like It Hot,"Billy Wilder (dir.), Marilyn Monroe, Tony Curtis",https://www.imdb.com/title/tt0053291/,1959,8.2
Hauru no ugoku shiro,"Hayao Miyazaki (dir.), Chieko Baishô, Takuya Kimura",https://www.imdb.com/title/tt0347149/,2004,8.2
A Beautiful Mind,"Ron Howard (dir.), Russell Crowe, Ed Harris",https://www.imdb.com/title/tt0268978/,2001,8.2
All About Eve,"Joseph L. Mankiewicz (dir.), Bette Davis, Anne Baxter",https://www.imdb.com/title/tt0042192/,1950,8.2
Casino,"Martin Scorsese (dir.), Robert De Niro, Sharon Stone",https://www.imdb.com/title/tt0112641/,1995,8.2
The Great Escape,"John Sturges (dir.), Steve McQueen, James Garner",https://www.imdb.com/title/tt0057115/,1963,8.2
The Wolf of Wall Street,"Martin Scorsese (dir.), Leonardo DiCaprio, Jonah Hill",https://www.imdb.com/title/tt0993846/,2013,8.2
Pan's Labyrinth,"Guillermo del Toro (dir.), Ivana Baquero, Ariadna Gil",https://www.imdb.com/title/tt0457430/,2006,8.2
El secreto de sus ojos,"Juan José Campanella (dir.), Ricardo Darín, Soledad Villamil",https://www.imdb.com/title/tt1305806/,2009,8.1
"Lock, Stock and Two Smoking Barrels","Guy Ritchie (dir.), Jason Flemyng, Dexter Fletcher",https://www.imdb.com/title/tt0120735/,1998,8.1
Anand,"Hrishikesh Mukherjee (dir.), Rajesh Khanna, Amitabh Bachchan",https://www.imdb.com/title/tt0066763/,1971,8.1
Raging Bull,"Martin Scorsese (dir.), Robert De Niro, Cathy Moriarty",https://www.imdb.com/title/tt0081398/,1980,8.1
There Will Be Blood,"Paul Thomas Anderson (dir.), Daniel Day-Lewis, Paul Dano",https://www.imdb.com/title/tt0469494/,2007,8.1
Tonari no Totoro,"Hayao Miyazaki (dir.), Hitoshi Takagi, Noriko Hidaka",https://www.imdb.com/title/tt0096283/,1988,8.1
Judgment at Nuremberg,"Stanley Kramer (dir.), Spencer Tracy, Burt Lancaster",https://www.imdb.com/title/tt0055031/,1961,8.1
The Treasure of the Sierra Madre,"John Huston (dir.), Humphrey Bogart, Walter Huston",https://www.imdb.com/title/tt0040897/,1948,8.1
Dial M for Murder,"Alfred Hitchcock (dir.), Ray Milland, Grace Kelly",https://www.imdb.com/title/tt0046912/,1954,8.1
"Three Billboards Outside Ebbing, Missouri","Martin McDonagh (dir.), Frances McDormand, Woody Harrelson",https://www.imdb.com/title/tt5027774/,2017,8.1
Chinatown,"Roman Polanski (dir.), Jack Nicholson, Faye Dunaway",https://www.imdb.com/title/tt0071315/,1974,8.1
The Gold Rush,"Charles Chaplin (dir.), Charles Chaplin, Mack Swain",https://www.imdb.com/title/tt0015864/,1925,8.1
Babam ve Oglum,"Çagan Irmak (dir.), Çetin Tekindor, Fikret Kuskan",https://www.imdb.com/title/tt0476735/,2005,8.1
Shutter Island,"Martin Scorsese (dir.), Leonardo DiCaprio, Emily Mortimer",https://www.imdb.com/title/tt1130884/,2010,8.1
No Country for Old Men,"Ethan Coen (dir.), Tommy Lee Jones, Javier Bardem",https://www.imdb.com/title/tt0477348/,2007,8.1
V for Vendetta,"James McTeigue (dir.), Hugo Weaving, Natalie Portman",https://www.imdb.com/title/tt0434409/,2005,8.1
Det sjunde inseglet,"Ingmar Bergman (dir.), Max von Sydow, Gunnar Björnstrand",https://www.imdb.com/title/tt0050976/,1957,8.1
Inside Out,"Pete Docter (dir.), Amy Poehler, Bill Hader",https://www.imdb.com/title/tt2096673/,2015,8.1
Warrior,"Gavin O'Connor (dir.), Tom Hardy, Nick Nolte",https://www.imdb.com/title/tt1291584/,2011,8.1
The Elephant Man,"David Lynch (dir.), Anthony Hopkins, John Hurt",https://www.imdb.com/title/tt0080678/,1980,8.1
The Thing,"John Carpenter (dir.), Kurt Russell, Wilford Brimley",https://www.imdb.com/title/tt0084787/,1982,8.1
The Sixth Sense,"M. Night Shyamalan (dir.), Bruce Willis, Haley Joel Osment",https://www.imdb.com/title/tt0167404/,1999,8.1
Trainspotting,"Danny Boyle (dir.), Ewan McGregor, Ewen Bremner",https://www.imdb.com/title/tt0117951/,1996,8.1
Jurassic Park,"Steven Spielberg (dir.), Sam Neill, Laura Dern",https://www.imdb.com/title/tt0107290/,1993,8.1
Gone with the Wind,"Victor Fleming (dir.), Clark Gable, Vivien Leigh",https://www.imdb.com/title/tt0031381/,1939,8.1
The Truman Show,"Peter Weir (dir.), Jim Carrey, Ed Harris",https://www.imdb.com/title/tt0120382/,1998,8.1
Smultronstället,"Ingmar Bergman (dir.), Victor Sjöström, Bibi Andersson",https://www.imdb.com/title/tt0050986/,1957,8.1
Finding Nemo,"Andrew Stanton (dir.), Albert Brooks, Ellen DeGeneres",https://www.imdb.com/title/tt0266543/,2003,8.1
Blade Runner,"Ridley Scott (dir.), Harrison Ford, Rutger Hauer",https://www.imdb.com/title/tt0083658/,1982,8.1
Stalker,"Andrei Tarkovsky (dir.), Alisa Freyndlikh, Aleksandr Kaydanovskiy",https://www.imdb.com/title/tt0079944/,1979,8.1
Kill Bill: Vol. 1,"Quentin Tarantino (dir.), Uma Thurman, David Carradine",https://www.imdb.com/title/tt0266697/,2003,8.1
The Bridge on the River Kwai,"David Lean (dir.), William Holden, Alec Guinness",https://www.imdb.com/title/tt0050212/,1957,8.1
Room,"Lenny Abrahamson (dir.), Brie Larson, Jacob Tremblay",https://www.imdb.com/title/tt3170832/,2015,8.1
Fargo,"Joel Coen (dir.), William H. Macy, Frances McDormand",https://www.imdb.com/title/tt0116282/,1996,8.1
Salinui chueok,"Bong Joon Ho (dir.), Kang-ho Song, Sang-kyung Kim",https://www.imdb.com/title/tt0353969/,2003,8.1
Vikram Vedha,"Gayatri (dir.), Madhavan, Vijay Sethupathi",https://www.imdb.com/title/tt6148156/,2017,8.1
Tôkyô monogatari,"Yasujirô Ozu (dir.), Chishû Ryû, Chieko Higashiyama",https://www.imdb.com/title/tt0046438/,1953,8.1
The Third Man,"Carol Reed (dir.), Orson Welles, Joseph Cotten",https://www.imdb.com/title/tt0041959/,1949,8.1
Gran Torino,"Clint Eastwood (dir.), Clint Eastwood, Bee Vang",https://www.imdb.com/title/tt1205489/,2008,8.1
On the Waterfront,"Elia Kazan (dir.), Marlon Brando, Karl Malden",https://www.imdb.com/title/tt0047296/,1954,8.1
Relatos salvajes,"Damián Szifron (dir.), Darío Grandinetti, María Marull",https://www.imdb.com/title/tt3011894/,2014,8.1
The Deer Hunter,"Michael Cimino (dir.), Robert De Niro, Christopher Walken",https://www.imdb.com/title/tt0077416/,1978,8.1
Klaus,"Sergio Pablos (dir.), Jason Schwartzman, J.K. Simmons",https://www.imdb.com/title/tt4729430/,2019,8.1
In the Name of the Father,"Jim Sheridan (dir.), Daniel Day-Lewis, Pete Postlethwaite",https://www.imdb.com/title/tt0107207/,1993,8.1
Mary and Max,"Adam Elliot (dir.), Toni Collette, Philip Seymour Hoffman",https://www.imdb.com/title/tt0978762/,2009,8.1
Gone Girl,"David Fincher (dir.), Ben Affleck, Rosamund Pike",https://www.imdb.com/title/tt2267998/,2014,8.1
The Grand Budapest Hotel,"Wes Anderson (dir.), Ralph Fiennes, F. Murray Abraham",https://www.imdb.com/title/tt2278388/,2014,8.1
Hacksaw Ridge,"Mel Gibson (dir.), Andrew Garfield, Sam Worthington",https://www.imdb.com/title/tt2119532/,2016,8.1
Before Sunrise,"Richard Linklater (dir.), Ethan Hawke, Julie Delpy",https://www.imdb.com/title/tt0112471/,1995,8.1
Andhadhun,"Sriram Raghavan (dir.), Ayushmann Khurrana, Tabu",https://www.imdb.com/title/tt8108198/,2018,8.1
Catch Me If You Can,"Steven Spielberg (dir.), Leonardo DiCaprio, Tom Hanks",https://www.imdb.com/title/tt0264464/,2002,8.1
The Big Lebowski,"Joel Coen (dir.), Jeff Bridges, John Goodman",https://www.imdb.com/title/tt0118715/,1998,8.1
Persona,"Ingmar Bergman (dir.), Bibi Andersson, Liv Ullmann",https://www.imdb.com/title/tt0060827/,1966,8.1
To Be or Not to Be,"Ernst Lubitsch (dir.), Carole Lombard, Jack Benny",https://www.imdb.com/title/tt0035446/,1942,8.1
Prisoners,"Denis Villeneuve (dir.), Hugh Jackman, Jake Gyllenhaal",https://www.imdb.com/title/tt1392214/,2013,8.1
Sherlock Jr.,"Buster Keaton (dir.), Buster Keaton, Kathryn McGuire",https://www.imdb.com/title/tt0015324/,1924,8.1
Eskiya,"Yavuz Turgul (dir.), Sener Sen, Ugur Yücel",https://www.imdb.com/title/tt0116231/,1996,8.1
The General,"Clyde Bruckman (dir.), Buster Keaton, Marion Mack",https://www.imdb.com/title/tt0017925/,1926,8.1
How to Train Your Dragon,"Dean DeBlois (dir.), Jay Baruchel, Gerard Butler",https://www.imdb.com/title/tt0892769/,2010,8.1
Ford v Ferrari,"James Mangold (dir.), Matt Damon, Christian Bale",https://www.imdb.com/title/tt1950186/,2019,8.1
Mr. Smith Goes to Washington,"Frank Capra (dir.), James Stewart, Jean Arthur",https://www.imdb.com/title/tt0031679/,1939,8.1
12 Years a Slave,"Steve McQueen (dir.), Chiwetel Ejiofor, Michael Kenneth Williams",https://www.imdb.com/title/tt2024544/,2013,8.1
Barry Lyndon,"Stanley Kubrick (dir.), Ryan O'Neal, Marisa Berenson",https://www.imdb.com/title/tt0072684/,1975,8.1
Mad Max: Fury Road,"George Miller (dir.), Tom Hardy, Charlize Theron",https://www.imdb.com/title/tt1392190/,2015,8.1
Million Dollar Baby,"Clint Eastwood (dir.), Hilary Swank, Clint Eastwood",https://www.imdb.com/title/tt0405159/,2004,8.1
Stand by Me,"Rob Reiner (dir.), Wil Wheaton, River Phoenix",https://www.imdb.com/title/tt0092005/,1986,8.1
Network,"Sidney Lumet (dir.), Faye Dunaway, William Holden",https://www.imdb.com/title/tt0074958/,1976,8.1
Cool Hand Luke,"Stuart Rosenberg (dir.), Paul Newman, George Kennedy",https://www.imdb.com/title/tt0061512/,1967,8.1
Dead Poets Society,"Peter Weir (dir.), Robin Williams, Robert Sean Leonard",https://www.imdb.com/title/tt0097165/,1989,8.1
Ben-Hur,"William Wyler (dir.), Charlton Heston, Jack Hawkins",https://www.imdb.com/title/tt0052618/,1959,8.1
Hachi: A Dog's Tale,"Lasse Hallström (dir.), Richard Gere, Joan Allen",https://www.imdb.com/title/tt1028532/,2009,8.1
Harry Potter and the Deathly Hallows: Part 2,"David Yates (dir.), Daniel Radcliffe, Emma Watson",https://www.imdb.com/title/tt1201607/,2011,8.1
Platoon,"Oliver Stone (dir.), Charlie Sheen, Tom Berenger",https://www.imdb.com/title/tt0091763/,1986,8.1
Into the Wild,"Sean Penn (dir.), Emile Hirsch, Vince Vaughn",https://www.imdb.com/title/tt0758758/,2007,8.1
Logan,"James Mangold (dir.), Hugh Jackman, Patrick Stewart",https://www.imdb.com/title/tt3315342/,2017,8.1
Le salaire de la peur,"Henri-Georges Clouzot (dir.), Yves Montand, Charles Vanel",https://www.imdb.com/title/tt0046268/,1953,8.0
Life of Brian,"Terry Jones (dir.), Graham Chapman, John Cleese",https://www.imdb.com/title/tt0079470/,1979,8.0
Rush,"Ron Howard (dir.), Daniel Brühl, Chris Hemsworth",https://www.imdb.com/title/tt1979320/,2013,8.0
Ah-ga-ssi,"Chan-wook Park (dir.), Min-hee Kim, Jung-woo Ha",https://www.imdb.com/title/tt4016934/,2016,8.0
Les quatre cents coups,"François Truffaut (dir.), Jean-Pierre Léaud, Albert Rémy",https://www.imdb.com/title/tt0053198/,1959,8.0
La passion de Jeanne d'Arc,"Carl Theodor Dreyer (dir.), Maria Falconetti, Eugene Silvain",https://www.imdb.com/title/tt0019254/,1928,8.0
Andrei Rublev,"Andrei Tarkovsky (dir.), Anatoliy Solonitsyn, Ivan Lapikov",https://www.imdb.com/title/tt0060107/,1966,8.0
Hotel Rwanda,"Terry George (dir.), Don Cheadle, Sophie Okonedo",https://www.imdb.com/title/tt0395169/,2004,8.0
Spotlight,"Tom McCarthy (dir.), Mark Ruffalo, Michael Keaton",https://www.imdb.com/title/tt1895587/,2015,8.0
Amores perros,"Alejandro G. Iñárritu (dir.), Emilio Echevarría, Gael García Bernal",https://www.imdb.com/title/tt0245712/,2000,8.0
La haine,"Mathieu Kassovitz (dir.), Vincent Cassel, Hubert Koundé",https://www.imdb.com/title/tt0113247/,1995,8.0
Du rififi chez les hommes,"Jules Dassin (dir.), Jean Servais, Carl Möhner",https://www.imdb.com/title/tt0048021/,1955,8.0
Kaze no tani no Naushika,"Hayao Miyazaki (dir.), Sumi Shimamoto, Mahito Tsujimura",https://www.imdb.com/title/tt0087544/,1984,8.0
Rocky,"John G. Avildsen (dir.), Sylvester Stallone, Talia Shire",https://www.imdb.com/title/tt0075148/,1976,8.0
Gangs of Wasseypur,"Anurag Kashyap (dir.), Manoj Bajpayee, Richa Chadha",https://www.imdb.com/title/tt1954470/,2012,8.0
"Monsters, Inc.","Pete Docter (dir.), Billy Crystal, John Goodman",https://www.imdb.com/title/tt0198781/,2001,8.0
Rebecca,"Alfred Hitchcock (dir.), Laurence Olivier, Joan Fontaine",https://www.imdb.com/title/tt0032976/,1940,8.0
Rang De Basanti,"Rakeysh Omprakash Mehra (dir.), Aamir Khan, Soha Ali Khan",https://www.imdb.com/title/tt0405508/,2006,8.0
Before Sunset,"Richard Linklater (dir.), Ethan Hawke, Julie Delpy",https://www.imdb.com/title/tt0381681/,2004,8.0
Portrait de la jeune fille en feu,"Céline Sciamma (dir.), Noémie Merlant, Adèle Haenel",https://www.imdb.com/title/tt8613070/,2019,8.0
Fa yeung nin wah,"Kar-Wai Wong (dir.), Tony Chiu-Wai Leung, Maggie Cheung",https://www.imdb.com/title/tt0118694/,2000,8.0
"Paris, Texas","Wim Wenders (dir.), Harry Dean Stanton, Nastassja Kinski",https://www.imdb.com/title/tt0087884/,1984,8.0
It Happened One Night,"Frank Capra (dir.), Clark Gable, Claudette Colbert",https://www.imdb.com/title/tt0025316/,1934,8.0
Drishyam,"Nishikant Kamat (dir.), Ajay Devgn, Shriya Saran",https://www.imdb.com/title/tt4430212/,2015,8.0
Contratiempo,"Oriol Paulo (dir.), Mario Casas, Ana Wagener",https://www.imdb.com/title/tt4857264/,2016,8.0
The Princess Bride,"Rob Reiner (dir.), Cary Elwes, Mandy Patinkin",https://www.imdb.com/title/tt0093779/,1987,8.0
The Help,"Tate Taylor (dir.), Emma Stone, Viola Davis",https://www.imdb.com/title/tt1454029/,2011,8.0
The Circus,"Charles Chaplin (dir.), Charles Chaplin, Merna Kennedy",https://www.imdb.com/title/tt0018773/,1928,8.0
La battaglia di Algeri,"Gillo Pontecorvo (dir.), Brahim Hadjadj, Jean Martin",https://www.imdb.com/title/tt0058946/,1966,8.0
The Terminator,"James Cameron (dir.), Arnold Schwarzenegger, Linda Hamilton",https://www.imdb.com/title/tt0088247/,1984,8.0
Koe no katachi,"Naoko Yamada (dir.), Miyu Irino, Saori Hayami",https://www.imdb.com/title/tt5323662/,2016,8.0
Aladdin,"Ron Clements (dir.), Scott Weinger, Robin Williams",https://www.imdb.com/title/tt0103639/,1992,8.0
Kis Uykusu,"Nuri Bilge Ceylan (dir.), Haluk Bilginer, Melisa Sözen",https://www.imdb.com/title/tt2758880/,2014,8.0
